id, name, group, country, brand, color,thickness, width, length, priceEURO, weight, ultra
1,"СПК SOTON ECO ""STANDART"" - 10 років прозорий 4,00 мм",СПК,Україна,"SOTON ECO ""STANDART"" - 10 років",прозорий,"4,00","2100,00","6000,00","5,62","0,55",FALSE
2,"СПК SOTON ECO ""STANDART"" - 10 років прозорий 6,00 мм",СПК,Україна,"SOTON ECO ""STANDART"" - 10 років",прозорий,"6,00","2100,00","6000,00","8,19","0,84",FALSE
3,"СПК SOTON ECO ""STANDART"" - 10 років прозорий 8,00 мм",СПК,Україна,"SOTON ECO ""STANDART"" - 10 років",прозорий,"8,00","2100,00","6000,00","9,61","1,00",FALSE
4,"СПК SOTON ECO ""STANDART"" - 10 років прозорий 10,00 мм",СПК,Україна,"SOTON ECO ""STANDART"" - 10 років",прозорий,"10,00","2100,00","6000,00","10,60","1,12",FALSE
5,"СПК SOTON ECO ""STANDART"" - 10 років кольоровий 4,00 мм",СПК,Україна,"SOTON ECO ""STANDART"" - 10 років",кольоровий,"4,00","2100,00","6000,00","5,90","0,55",FALSE
6,"СПК SOTON ECO ""STANDART"" - 10 років кольоровий 6,00 мм",СПК,Україна,"SOTON ECO ""STANDART"" - 10 років",кольоровий,"6,00","2100,00","6000,00","8,60","0,84",FALSE
7,"СПК SOTON ECO ""STANDART"" - 10 років кольоровий 8,00 мм",СПК,Україна,"SOTON ECO ""STANDART"" - 10 років",кольоровий,"8,00","2100,00","6000,00","10,09","1,00",FALSE
8,"СПК SOTON ECO ""STANDART"" - 10 років кольоровий 10,00 мм",СПК,Україна,"SOTON ECO ""STANDART"" - 10 років",кольоровий,"10,00","2100,00","6000,00","11,13","1,12",FALSE
9,"СПК SOTON NANO ""PREMIUM"" - 10 років прозорий 4,00 мм",СПК,Україна,"SOTON NANO ""PREMIUM"" - 10 років",прозорий,"4,00","2100,00","6000,00","5,92","0,60",FALSE
10,"СПК SOTON NANO ""PREMIUM"" - 10 років прозорий 6,00 мм",СПК,Україна,"SOTON NANO ""PREMIUM"" - 10 років",прозорий,"6,00","2100,00","6000,00","9,02","0,93",FALSE
11,"СПК SOTON NANO ""PREMIUM"" - 10 років прозорий 8,00 мм",СПК,Україна,"SOTON NANO ""PREMIUM"" - 10 років",прозорий,"8,00","2100,00","6000,00","10,51","1,10",FALSE
12,"СПК SOTON NANO ""PREMIUM"" - 10 років прозорий 10,00 мм",СПК,Україна,"SOTON NANO ""PREMIUM"" - 10 років",прозорий,"10,00","2100,00","6000,00","11,74","1,24",FALSE
13,"СПК SOTON NANO ""PREMIUM"" - 10 років кольоровий 4,00 мм",СПК,Україна,"SOTON NANO ""PREMIUM"" - 10 років",кольоровий,"4,00","2100,00","6000,00","6,44","0,60",FALSE
14,"СПК SOTON NANO ""PREMIUM"" - 10 років кольоровий 6,00 мм",СПК,Україна,"SOTON NANO ""PREMIUM"" - 10 років",кольоровий,"6,00","2100,00","6000,00","9,34","0,93",FALSE
15,"СПК SOTON NANO ""PREMIUM"" - 10 років кольоровий 8,00 мм",СПК,Україна,"SOTON NANO ""PREMIUM"" - 10 років",кольоровий,"8,00","2100,00","6000,00","10,95","1,10",FALSE
16,"СПК SOTON NANO ""PREMIUM"" - 10 років кольоровий 10,00 мм",СПК,Україна,"SOTON NANO ""PREMIUM"" - 10 років",кольоровий,"10,00","2100,00","6000,00","12,20","1,24",FALSE
17,"СПК SOTON ""ELITE"" - 15 років прозорий 4,00 мм",СПК,Україна,"SOTON ""ELITE"" - 15 років",прозорий,"4,00","2100,00","6000,00","8,22","0,80",FALSE
18,"СПК SOTON ""ELITE"" - 15 років прозорий 6,00 мм",СПК,Україна,"SOTON ""ELITE"" - 15 років",прозорий,"6,00","2100,00","6000,00","12,79","1,30",FALSE
19,"СПК SOTON ""ELITE"" - 15 років прозорий 8,00 мм",СПК,Україна,"SOTON ""ELITE"" - 15 років",прозорий,"8,00","2100,00","6000,00","14,54","1,50",FALSE
20,"СПК SOTON ""ELITE"" - 15 років прозорий 10,00 мм",СПК,Україна,"SOTON ""ELITE"" - 15 років",прозорий,"10,00","2100,00","6000,00","16,34","1,70",FALSE
21,"СПК SOTON ""ELITE"" - 15 років прозорий 16,00 мм",СПК,Україна,"SOTON ""ELITE"" - 15 років",прозорий,"16,00","2100,00","6000,00","22,88","2,50",FALSE
22,"СПК SOTON ""ELITE"" - 15 років прозорий 20,00 мм",СПК,Україна,"SOTON ""ELITE"" - 15 років",прозорий,"20,00","2100,00","6000,00","27,28","3,00",FALSE
23,"СПК SOTON ""ELITE"" - 15 років кольоровий 4,00 мм",СПК,Україна,"SOTON ""ELITE"" - 15 років",кольоровий,"4,00","2100,00","6000,00","7,94","0,80",FALSE
24,"СПК SOTON ""ELITE"" - 15 років кольоровий 6,00 мм",СПК,Україна,"SOTON ""ELITE"" - 15 років",кольоровий,"6,00","2100,00","6000,00","13,24","1,30",FALSE
25,"СПК SOTON ""ELITE"" - 15 років кольоровий 8,00 мм",СПК,Україна,"SOTON ""ELITE"" - 15 років",кольоровий,"8,00","2100,00","6000,00","15,02","1,50",FALSE
26,"СПК SOTON ""ELITE"" - 15 років кольоровий 10,00 мм",СПК,Україна,"SOTON ""ELITE"" - 15 років",кольоровий,"10,00","2100,00","6000,00","16,83","1,70",FALSE
27,"СПК SOTON ""ELITE"" - 15 років кольоровий 16,00 мм",СПК,Україна,"SOTON ""ELITE"" - 15 років",кольоровий,"16,00","2100,00","6000,00","23,88","2,50",FALSE
28,"СПК SOTON ""ELITE"" - 15 років кольоровий 20,00 мм",СПК,Україна,"SOTON ""ELITE"" - 15 років",кольоровий,"20,00","2100,00","6000,00","28,66","3,00",FALSE
29,"СПК Soton Titan прозорий 8,00 мм",СПК,Україна,Soton Titan,прозорий,"8,00","2100,00","6000,00","14,67","1,55",FALSE
30,"СПК Soton Titan прозорий 10,00 мм",СПК,Україна,Soton Titan,прозорий,"10,00","2100,00","6000,00","16,00","1,70",FALSE
31,"СПК Soton Titan кольоровий 8,00 мм",СПК,Україна,Soton Titan,кольоровий,"8,00","2100,00","6000,00","15,12","1,55",FALSE
32,"СПК Soton Titan кольоровий 10,00 мм",СПК,Україна,Soton Titan,кольоровий,"10,00","2100,00","6000,00","16,39","1,70",FALSE
33,"МПК Soton Titan прозорий 2,00 мм",МПК,Україна,Soton Titan,прозорий,"2,00","2050,00","3050,00","22,79","2,40",FALSE
34,"МПК Soton Titan прозорий 3,00 мм",МПК,Україна,Soton Titan,прозорий,"3,00","2050,00","3050,00","33,56","3,60",FALSE
35,"МПК Soton Titan прозорий 4,00 мм",МПК,Україна,Soton Titan,прозорий,"4,00","2050,00","3050,00","44,06","4,80",FALSE
36,"МПК Soton Titan прозорий 5,00 мм",МПК,Україна,Soton Titan,прозорий,"5,00","2050,00","3050,00","54,91","6,00",FALSE
37,"МПК Soton Titan прозорий 6,00 мм",МПК,Україна,Soton Titan,прозорий,"6,00","2050,00","3050,00","65,89","7,20",FALSE
38,"МПК Soton Titan прозорий 8,00 мм",МПК,Україна,Soton Titan,прозорий,"8,00","2050,00","3050,00","87,58","9,60",FALSE
39,"МПК Soton Titan прозорий 10,00 мм",МПК,Україна,Soton Titan,прозорий,"10,00","2050,00","3050,00","109,13","12,00",FALSE
40,"МПК Soton Titan прозорий 12,00 мм",МПК,Україна,Soton Titan,прозорий,"12,00","2050,00","3050,00","130,95","14,40",FALSE
41,"МПК Soton Titan кольоровий 2,00 мм",МПК,Україна,Soton Titan,кольоровий,"2,00","2050,00","3050,00","23,68","2,40",FALSE
42,"МПК Soton Titan кольоровий 3,00 мм",МПК,Україна,Soton Titan,кольоровий,"3,00","2050,00","3050,00","34,29","3,60",FALSE
43,"МПК Soton Titan кольоровий 4,00 мм",МПК,Україна,Soton Titan,кольоровий,"4,00","2050,00","3050,00","44,75","4,80",FALSE
44,"МПК Soton Titan кольоровий 5,00 мм",МПК,Україна,Soton Titan,кольоровий,"5,00","2050,00","3050,00","55,94","6,00",FALSE
45,"МПК Soton Titan кольоровий 6,00 мм",МПК,Україна,Soton Titan,кольоровий,"6,00","2050,00","3050,00","67,13","7,20",FALSE
46,"МПК Soton Titan кольоровий 8,00 мм",МПК,Україна,Soton Titan,кольоровий,"8,00","2050,00","3050,00","88,95","9,60",FALSE
47,"МПК Soton Titan кольоровий 10,00 мм",МПК,Україна,Soton Titan,кольоровий,"10,00","2050,00","3050,00","110,50","12,00",FALSE
48,"МПК Soton Titan кольоровий 12,00 мм",МПК,Україна,Soton Titan,кольоровий,"12,00","2050,00","3050,00","131,78","14,40",FALSE
49,"СПК Terner Plast Standart - 10 років прозорий 3,00 мм",СПК,Сербія,Terner Plast Standart - 10 років,прозорий,"3,00","2100,00","6000,00","3,75","0,42",FALSE
50,"СПК Terner Plast Standart - 10 років прозорий 4,00 мм",СПК,Сербія,Terner Plast Standart - 10 років,прозорий,"4,00","2100,00","6000,00","4,47","0,50",FALSE
51,"СПК Terner Plast Standart - 10 років прозорий 5,00 мм",СПК,Сербія,Terner Plast Standart - 10 років,прозорий,"5,00","2100,00","6000,00","6,52","0,73",FALSE
52,"СПК Terner Plast Standart - 10 років прозорий 6,00 мм",СПК,Сербія,Terner Plast Standart - 10 років,прозорий,"6,00","2100,00","6000,00","6,88","0,77",FALSE
53,"СПК Terner Plast Standart - 10 років прозорий 7,00 мм",СПК,Сербія,Terner Plast Standart - 10 років,прозорий,"7,00","2100,00","6000,00","8,04","0,90",FALSE
54,"СПК Terner Plast Standart - 10 років прозорий 8,00 мм",СПК,Сербія,Terner Plast Standart - 10 років,прозорий,"8,00","2100,00","6000,00","8,93","1,00",FALSE
55,"СПК Terner Plast Standart - 10 років прозорий 10,00 мм",СПК,Сербія,Terner Plast Standart - 10 років,прозорий,"10,00","2100,00","6000,00","10,72","1,20",FALSE
56,"СПК Terner Plast Standart - 10 років кольоровий 3,00 мм",СПК,Сербія,Terner Plast Standart - 10 років,кольоровий,"3,00","2100,00","6000,00","3,94","0,42",FALSE
57,"СПК Terner Plast Standart - 10 років кольоровий 4,00 мм",СПК,Сербія,Terner Plast Standart - 10 років,кольоровий,"4,00","2100,00","6000,00","4,69","0,50",FALSE
58,"СПК Terner Plast Standart - 10 років кольоровий 5,00 мм",СПК,Сербія,Terner Plast Standart - 10 років,кольоровий,"5,00","2100,00","6000,00","6,85","0,73",FALSE
59,"СПК Terner Plast Standart - 10 років кольоровий 6,00 мм",СПК,Сербія,Terner Plast Standart - 10 років,кольоровий,"6,00","2100,00","6000,00","7,22","0,77",FALSE
60,"СПК Terner Plast Standart - 10 років кольоровий 7,00 мм",СПК,Сербія,Terner Plast Standart - 10 років,кольоровий,"7,00","2100,00","6000,00","8,44","0,90",FALSE
61,"СПК Terner Plast Standart - 10 років кольоровий 8,00 мм",СПК,Сербія,Terner Plast Standart - 10 років,кольоровий,"8,00","2100,00","6000,00","9,38","1,00",FALSE
62,"СПК Terner Plast Standart - 10 років кольоровий 10,00 мм",СПК,Сербія,Terner Plast Standart - 10 років,кольоровий,"10,00","2100,00","6000,00","11,26","1,20",FALSE
63,"СПК Terner Plast Premium - 10 років прозорий 4,00 мм",СПК,Сербія,Terner Plast Premium - 10 років,прозорий,"4,00","2100,00","6000,00","5,36","0,60",FALSE
64,"СПК Terner Plast Premium - 10 років прозорий 6,00 мм",СПК,Сербія,Terner Plast Premium - 10 років,прозорий,"6,00","2100,00","6000,00","7,59","0,85",FALSE
65,"СПК Terner Plast Premium - 10 років прозорий 8,00 мм",СПК,Сербія,Terner Plast Premium - 10 років,прозорий,"8,00","2100,00","6000,00","9,83","1,10",FALSE
66,"СПК Terner Plast Premium - 10 років прозорий 10,00 мм",СПК,Сербія,Terner Plast Premium - 10 років,прозорий,"10,00","2100,00","6000,00","11,61","1,30",FALSE
67,"СПК Terner Plast Premium - 10 років прозорий 16,00 мм",СПК,Сербія,Terner Plast Premium - 10 років,прозорий,"16,00","2100,00","6000,00","20,55","2,30",FALSE
68,"СПК Terner Plast Premium - 10 років прозорий 16,00 мм",СПК,Сербія,Terner Plast Premium - 10 років,прозорий,"16,00","2100,00","6000,00","21,44","2,40",FALSE
69,"СПК Terner Plast Premium - 10 років прозорий 20,00 мм",СПК,Сербія,Terner Plast Premium - 10 років,прозорий,"20,00","2100,00","6000,00","24,12","2,70",FALSE
70,"СПК Terner Plast Premium - 10 років прозорий 25,00 мм",СПК,Сербія,Terner Plast Premium - 10 років,прозорий,"25,00","2100,00","6000,00","28,59","3,20",FALSE
71,"СПК Terner Plast Premium - 10 років кольоровий 4,00 мм",СПК,Сербія,Terner Plast Premium - 10 років,кольоровий,"4,00","2100,00","6000,00","5,63","0,60",FALSE
72,"СПК Terner Plast Premium - 10 років кольоровий 6,00 мм",СПК,Сербія,Terner Plast Premium - 10 років,кольоровий,"6,00","2100,00","6000,00","7,97","0,85",FALSE
73,"СПК Terner Plast Premium - 10 років кольоровий 8,00 мм",СПК,Сербія,Terner Plast Premium - 10 років,кольоровий,"8,00","2100,00","6000,00","10,32","1,10",FALSE
74,"СПК Terner Plast Premium - 10 років кольоровий 10,00 мм",СПК,Сербія,Terner Plast Premium - 10 років,кольоровий,"10,00","2100,00","6000,00","12,19","1,30",FALSE
75,"СПК Terner Plast Premium - 10 років кольоровий 16,00 мм",СПК,Сербія,Terner Plast Premium - 10 років,кольоровий,"16,00","2100,00","6000,00","21,57","2,30",FALSE
76,"СПК Terner Plast Premium - 10 років кольоровий 16,00 мм",СПК,Сербія,Terner Plast Premium - 10 років,кольоровий,"16,00","2100,00","6000,00","22,51","2,40",FALSE
77,"СПК Terner Plast Premium - 10 років кольоровий 20,00 мм",СПК,Сербія,Terner Plast Premium - 10 років,кольоровий,"20,00","2100,00","6000,00","25,32","2,70",FALSE
78,"СПК Terner Plast Premium - 10 років кольоровий 25,00 мм",СПК,Сербія,Terner Plast Premium - 10 років,кольоровий,"25,00","2100,00","6000,00","30,01","3,20",FALSE
79,"СПК Terner Plast Elite - 15 років прозорий 4,00 мм",СПК,Сербія,Terner Plast Elite - 15 років,прозорий,"4,00","2100,00","6000,00","6,25","0,70",FALSE
80,"СПК Terner Plast Elite - 15 років прозорий 6,00 мм",СПК,Сербія,Terner Plast Elite - 15 років,прозорий,"6,00","2100,00","6000,00","10,72","1,20",FALSE
81,"СПК Terner Plast Elite - 15 років прозорий 8,00 мм",СПК,Сербія,Terner Plast Elite - 15 років,прозорий,"8,00","2100,00","6000,00","12,95","1,45",FALSE
82,"СПК Terner Plast Elite - 15 років прозорий 10,00 мм",СПК,Сербія,Terner Plast Elite - 15 років,прозорий,"10,00","2100,00","6000,00","15,19","1,70",FALSE
83,"СПК Terner Plast Elite - 15 років прозорий 16,00 мм",СПК,Сербія,Terner Plast Elite - 15 років,прозорий,"16,00","2100,00","6000,00","20,55","2,30",FALSE
84,"СПК Terner Plast Elite - 15 років прозорий 20,00 мм",СПК,Сербія,Terner Plast Elite - 15 років,прозорий,"20,00","2100,00","6000,00","26,80","3,00",FALSE
85,"СПК Terner Plast Elite - 15 років прозорий 25,00 мм",СПК,Сербія,Terner Plast Elite - 15 років,прозорий,"25,00","2100,00","6000,00","31,27","3,50",FALSE
86,"СПК Terner Plast Elite - 15 років кольоровий 4,00 мм",СПК,Сербія,Terner Plast Elite - 15 років,кольоровий,"4,00","2100,00","6000,00","6,57","0,70",FALSE
87,"СПК Terner Plast Elite - 15 років кольоровий 6,00 мм",СПК,Сербія,Terner Plast Elite - 15 років,кольоровий,"6,00","2100,00","6000,00","11,26","1,20",FALSE
88,"СПК Terner Plast Elite - 15 років кольоровий 8,00 мм",СПК,Сербія,Terner Plast Elite - 15 років,кольоровий,"8,00","2100,00","6000,00","13,60","1,45",FALSE
89,"СПК Terner Plast Elite - 15 років кольоровий 10,00 мм",СПК,Сербія,Terner Plast Elite - 15 років,кольоровий,"10,00","2100,00","6000,00","15,95","1,70",FALSE
90,"СПК Terner Plast Elite - 15 років кольоровий 16,00 мм",СПК,Сербія,Terner Plast Elite - 15 років,кольоровий,"16,00","2100,00","6000,00","21,57","2,30",FALSE
91,"СПК Terner Plast Elite - 15 років кольоровий 20,00 мм",СПК,Сербія,Terner Plast Elite - 15 років,кольоровий,"20,00","2100,00","6000,00","28,14","3,00",FALSE
92,"СПК Terner Plast Elite - 15 років кольоровий 25,00 мм",СПК,Сербія,Terner Plast Elite - 15 років,кольоровий,"25,00","2100,00","6000,00","32,83","3,50",FALSE
93,"МПК Standart - 15 років прозорий 1,80 мм",МПК,Сербія,Standart - 15 років,прозорий,"1,80","2050,00","3050,00","18,99","2,16",FALSE
94,"МПК Standart - 15 років прозорий 2,70 мм",МПК,Сербія,Standart - 15 років,прозорий,"2,70","2050,00","3050,00","28,49","3,24",FALSE
95,"МПК Standart - 15 років прозорий 3,60 мм",МПК,Сербія,Standart - 15 років,прозорий,"3,60","2050,00","3050,00","37,99","4,32",FALSE
96,"МПК Standart - 15 років прозорий 4,50 мм",МПК,Сербія,Standart - 15 років,прозорий,"4,50","2050,00","3050,00","47,48","5,40",FALSE
97,"МПК Standart - 15 років прозорий 5,40 мм",МПК,Сербія,Standart - 15 років,прозорий,"5,40","2050,00","3050,00","56,98","6,48",FALSE
98,"МПК Standart - 15 років прозорий 7,20 мм",МПК,Сербія,Standart - 15 років,прозорий,"7,20","2050,00","3050,00","75,97","8,64",FALSE
99,"МПК Standart - 15 років прозорий 9,00 мм",МПК,Сербія,Standart - 15 років,прозорий,"9,00","2050,00","3050,00","94,97","10,80",FALSE
100,"МПК Standart - 15 років прозорий 10,80 мм",МПК,Сербія,Standart - 15 років,прозорий,"10,80","2050,00","3050,00","113,96","12,96",FALSE
101,"МПК Standart - 15 років кольоровий 1,80 мм",МПК,Сербія,Standart - 15 років,кольоровий,"1,80","2050,00","3050,00","19,94","2,16",FALSE
102,"МПК Standart - 15 років кольоровий 2,70 мм",МПК,Сербія,Standart - 15 років,кольоровий,"2,70","2050,00","3050,00","29,91","3,24",FALSE
103,"МПК Standart - 15 років кольоровий 3,60 мм",МПК,Сербія,Standart - 15 років,кольоровий,"3,60","2050,00","3050,00","39,89","4,32",FALSE
104,"МПК Standart - 15 років кольоровий 4,50 мм",МПК,Сербія,Standart - 15 років,кольоровий,"4,50","2050,00","3050,00","49,86","5,40",FALSE
105,"МПК Standart - 15 років кольоровий 5,40 мм",МПК,Сербія,Standart - 15 років,кольоровий,"5,40","2050,00","3050,00","59,83","6,48",FALSE
106,"МПК Standart - 15 років кольоровий 7,20 мм",МПК,Сербія,Standart - 15 років,кольоровий,"7,20","2050,00","3050,00","79,77","8,64",FALSE
107,"МПК Standart - 15 років кольоровий 9,00 мм",МПК,Сербія,Standart - 15 років,кольоровий,"9,00","2050,00","3050,00","99,72","10,80",FALSE
108,"МПК Standart - 15 років кольоровий 10,80 мм",МПК,Сербія,Standart - 15 років,кольоровий,"10,80","2050,00","3050,00","119,66","12,96",FALSE
109,"МПК Premium - 15 років прозорий 1,90 мм",МПК,Сербія,Premium - 15 років,прозорий,"1,90","2050,00","3050,00","20,05","2,28",FALSE
110,"МПК Premium - 15 років прозорий 2,85 мм",МПК,Сербія,Premium - 15 років,прозорий,"2,85","2050,00","3050,00","30,07","3,42",FALSE
111,"МПК Premium - 15 років прозорий 3,80 мм",МПК,Сербія,Premium - 15 років,прозорий,"3,80","2050,00","3050,00","40,10","4,56",FALSE
112,"МПК Premium - 15 років прозорий 4,80 мм",МПК,Сербія,Premium - 15 років,прозорий,"4,80","2050,00","3050,00","50,12","5,70",FALSE
113,"МПК Premium - 15 років прозорий 5,70 мм",МПК,Сербія,Premium - 15 років,прозорий,"5,70","2050,00","3050,00","60,15","6,84",FALSE
114,"МПК Premium - 15 років прозорий 7,60 мм",МПК,Сербія,Premium - 15 років,прозорий,"7,60","2050,00","3050,00","80,20","9,12",FALSE
115,"МПК Premium - 15 років прозорий 9,50 мм",МПК,Сербія,Premium - 15 років,прозорий,"9,50","2050,00","3050,00","100,24","11,40",FALSE
116,"МПК Premium - 15 років прозорий 11,40 мм",МПК,Сербія,Premium - 15 років,прозорий,"11,40","2050,00","3050,00","120,29","13,68",FALSE
117,"МПК Premium - 15 років кольоровий 1,90 мм",МПК,Сербія,Premium - 15 років,кольоровий,"1,90","2050,00","3050,00","21,05","2,28",FALSE
118,"МПК Premium - 15 років кольоровий 2,85 мм",МПК,Сербія,Premium - 15 років,кольоровий,"2,85","2050,00","3050,00","31,58","3,42",FALSE
119,"МПК Premium - 15 років кольоровий 3,80 мм",МПК,Сербія,Premium - 15 років,кольоровий,"3,80","2050,00","3050,00","42,10","4,56",FALSE
120,"МПК Premium - 15 років кольоровий 4,80 мм",МПК,Сербія,Premium - 15 років,кольоровий,"4,80","2050,00","3050,00","46,04","5,70",FALSE
121,"МПК Premium - 15 років кольоровий 5,70 мм",МПК,Сербія,Premium - 15 років,кольоровий,"5,70","2050,00","3050,00","63,15","6,84",FALSE
122,"МПК Premium - 15 років кольоровий 7,60 мм",МПК,Сербія,Premium - 15 років,кольоровий,"7,60","2050,00","3050,00","84,20","9,12",FALSE
123,"МПК Premium - 15 років кольоровий 9,50 мм",МПК,Сербія,Premium - 15 років,кольоровий,"9,50","2050,00","3050,00","105,26","11,40",FALSE
124,"МПК Premium - 15 років кольоровий 11,40 мм",МПК,Сербія,Premium - 15 років,кольоровий,"11,40","2050,00","3050,00","126,31","13,68",FALSE
125,"МПК Terner Plast Elite прозорий 2,00 мм",МПК,Сербія,Terner Plast Elite,прозорий,"2,00","2050,00","3050,00","21,10","2,40",FALSE
126,"МПК Terner Plast Elite прозорий 2,75 мм",МПК,Сербія,Terner Plast Elite,прозорий,"2,75","2050,00","3050,00","29,02","3,30",FALSE
127,"МПК Terner Plast Elite прозорий 3,00 мм",МПК,Сербія,Terner Plast Elite,прозорий,"3,00","2050,00","3050,00","31,66","3,60",FALSE
128,"МПК Terner Plast Elite прозорий 3,75 мм",МПК,Сербія,Terner Plast Elite,прозорий,"3,75","2050,00","3050,00","39,57","4,50",FALSE
129,"МПК Terner Plast Elite прозорий 4,00 мм",МПК,Сербія,Terner Plast Elite,прозорий,"4,00","2050,00","3050,00","42,21","4,80",FALSE
130,"МПК Terner Plast Elite прозорий 5,00 мм",МПК,Сербія,Terner Plast Elite,прозорий,"5,00","2050,00","3050,00","52,76","6,00",FALSE
131,"МПК Terner Plast Elite прозорий 6,00 мм",МПК,Сербія,Terner Plast Elite,прозорий,"6,00","2050,00","3050,00","63,31","7,20",FALSE
132,"МПК Terner Plast Elite прозорий 8,00 мм",МПК,Сербія,Terner Plast Elite,прозорий,"8,00","2050,00","3050,00","84,42","9,60",FALSE
133,"МПК Terner Plast Elite прозорий 10,00 мм",МПК,Сербія,Terner Plast Elite,прозорий,"10,00","2050,00","3050,00","105,52","12,00",FALSE
134,"МПК Terner Plast Elite прозорий 12,00 мм",МПК,Сербія,Terner Plast Elite,прозорий,"12,00","2050,00","3050,00","126,62","14,40",FALSE
135,"МПК Terner Plast Elite кольоровий 2,00 мм",МПК,Сербія,Terner Plast Elite,кольоровий,"2,00","2050,00","3050,00","22,16","2,40",FALSE
136,"МПК Terner Plast Elite кольоровий 2,75 мм",МПК,Сербія,Terner Plast Elite,кольоровий,"2,75","2050,00","3050,00","30,47","3,30",FALSE
137,"МПК Terner Plast Elite кольоровий 3,00 мм",МПК,Сербія,Terner Plast Elite,кольоровий,"3,00","2050,00","3050,00","33,24","3,60",FALSE
138,"МПК Terner Plast Elite кольоровий 3,75 мм",МПК,Сербія,Terner Plast Elite,кольоровий,"3,75","2050,00","3050,00","41,55","4,50",FALSE
139,"МПК Terner Plast Elite кольоровий 4,00 мм",МПК,Сербія,Terner Plast Elite,кольоровий,"4,00","2050,00","3050,00","44,32","4,80",FALSE
140,"МПК Terner Plast Elite кольоровий 5,00 мм",МПК,Сербія,Terner Plast Elite,кольоровий,"5,00","2050,00","3050,00","55,40","6,00",FALSE
141,"МПК Terner Plast Elite кольоровий 6,00 мм",МПК,Сербія,Terner Plast Elite,кольоровий,"6,00","2050,00","3050,00","66,48","7,20",FALSE
142,"МПК Terner Plast Elite кольоровий 8,00 мм",МПК,Сербія,Terner Plast Elite,кольоровий,"8,00","2050,00","3050,00","88,64","9,60",FALSE
143,"МПК Terner Plast Elite кольоровий 10,00 мм",МПК,Сербія,Terner Plast Elite,кольоровий,"10,00","2050,00","3050,00","110,80","12,00",FALSE
144,"МПК Terner Plast Elite кольоровий 12,00 мм",МПК,Сербія,Terner Plast Elite,кольоровий,"12,00","2050,00","3050,00","132,95","14,40",FALSE
145,"Акрил NUDEC прозорий 1,50 мм",Акрил,Іспанія,NUDEC,прозорий,"1,50","2050,00","3050,00","18,01","1,79",FALSE
146,"Акрил NUDEC прозорий 1,80 мм",Акрил,Іспанія,NUDEC,прозорий,"1,80","2050,00","3050,00","20,03","2,14",FALSE
147,"Акрил NUDEC прозорий 2,00 мм",Акрил,Іспанія,NUDEC,прозорий,"2,00","2050,00","3050,00","22,27","2,38",FALSE
148,"Акрил NUDEC прозорий 2,60 мм",Акрил,Іспанія,NUDEC,прозорий,"2,60","2050,00","3050,00","28,92","3,09",FALSE
149,"Акрил NUDEC прозорий 3,00 мм",Акрил,Іспанія,NUDEC,прозорий,"3,00","2050,00","3050,00","33,41","3,57",FALSE
150,"Акрил NUDEC прозорий 3,60 мм",Акрил,Іспанія,NUDEC,прозорий,"3,60","2050,00","3050,00","40,05","4,28",FALSE
151,"Акрил NUDEC прозорий 4,00 мм",Акрил,Іспанія,NUDEC,прозорий,"4,00","2050,00","3050,00","44,55","4,76",FALSE
152,"Акрил NUDEC прозорий 5,00 мм",Акрил,Іспанія,NUDEC,прозорий,"5,00","2050,00","3050,00","55,68","5,95",FALSE
153,"Акрил NUDEC прозорий 6,00 мм",Акрил,Іспанія,NUDEC,прозорий,"6,00","2050,00","3050,00","66,82","7,14",FALSE
154,"Акрил NUDEC прозорий 8,00 мм",Акрил,Іспанія,NUDEC,прозорий,"8,00","2050,00","3050,00","89,09","9,52",FALSE
155,"Акрил NUDEC прозорий 10,00 мм",Акрил,Іспанія,NUDEC,прозорий,"10,00","2050,00","3050,00","111,36","11,90",FALSE
156,"Акрил NUDEC прозорий 12,00 мм",Акрил,Іспанія,NUDEC,прозорий,"12,00","2050,00","3050,00","133,64","14,28",FALSE
157,"Акрил NUDEC прозорий 15,00 мм",Акрил,Іспанія,NUDEC,прозорий,"15,00","2050,00","3050,00","167,05","17,85",FALSE
158,"Акрил NUDEC кольоровий 1,50 мм",Акрил,Іспанія,NUDEC,кольоровий,"1,50","2050,00","3050,00","18,91","1,79",FALSE
159,"Акрил NUDEC кольоровий 1,80 мм",Акрил,Іспанія,NUDEC,кольоровий,"1,80","2050,00","3050,00","21,03","2,14",FALSE
160,"Акрил NUDEC кольоровий 2,00 мм",Акрил,Іспанія,NUDEC,кольоровий,"2,00","2050,00","3050,00","23,39","2,38",FALSE
161,"Акрил NUDEC кольоровий 2,70 мм",Акрил,Іспанія,NUDEC,кольоровий,"2,70","2050,00","3050,00","30,36","3,21",FALSE
162,"Акрил NUDEC кольоровий 3,00 мм",Акрил,Іспанія,NUDEC,кольоровий,"3,00","2050,00","3050,00","35,08","3,57",FALSE
163,"Акрил NUDEC кольоровий 3,60 мм",Акрил,Іспанія,NUDEC,кольоровий,"3,60","2050,00","3050,00","42,06","4,28",FALSE
164,"Акрил NUDEC кольоровий 4,00 мм",Акрил,Іспанія,NUDEC,кольоровий,"4,00","2050,00","3050,00","46,77","4,76",FALSE
165,"Акрил NUDEC кольоровий 5,00 мм",Акрил,Іспанія,NUDEC,кольоровий,"5,00","2050,00","3050,00","58,47","5,95",FALSE
166,"Акрил NUDEC кольоровий 6,00 мм",Акрил,Іспанія,NUDEC,кольоровий,"6,00","2050,00","3050,00","70,16","7,14",FALSE
167,"Акрил NUDEC кольоровий 8,00 мм",Акрил,Іспанія,NUDEC,кольоровий,"8,00","2050,00","3050,00","93,55","9,52",FALSE
168,"Акрил NUDEC кольоровий 10,00 мм",Акрил,Іспанія,NUDEC,кольоровий,"10,00","2050,00","3050,00","116,93","11,90",FALSE
169,"Акрил NUDEC кольоровий 12,00 мм",Акрил,Іспанія,NUDEC,кольоровий,"12,00","2050,00","3050,00","140,32","14,28",FALSE
170,"Акрил NUDEC кольоровий 15,00 мм",Акрил,Іспанія,NUDEC,кольоровий,"15,00","2050,00","3050,00","175,40","17,85",FALSE
171,"МПК NUDEC прозорий 2,00 мм",МПК,Іспанія,NUDEC,прозорий,"2,00","2050,00","3050,00","23,82","2,40",FALSE
172,"МПК NUDEC прозорий 3,00 мм",МПК,Іспанія,NUDEC,прозорий,"3,00","2050,00","3050,00","35,73","3,60",FALSE
173,"МПК NUDEC прозорий 4,00 мм",МПК,Іспанія,NUDEC,прозорий,"4,00","2050,00","3050,00","47,64","4,80",FALSE
174,"МПК NUDEC прозорий 5,00 мм",МПК,Іспанія,NUDEC,прозорий,"5,00","2050,00","3050,00","59,55","6,00",FALSE
175,"МПК NUDEC прозорий 6,00 мм",МПК,Іспанія,NUDEC,прозорий,"6,00","2050,00","3050,00","71,46","7,20",FALSE
176,"МПК NUDEC прозорий 8,00 мм",МПК,Іспанія,NUDEC,прозорий,"8,00","2050,00","3050,00","95,28","9,60",FALSE
177,"МПК NUDEC прозорий 10,00 мм",МПК,Іспанія,NUDEC,прозорий,"10,00","2050,00","3050,00","119,11","12,00",FALSE
178,"МПК NUDEC прозорий 12,00 мм",МПК,Іспанія,NUDEC,прозорий,"12,00","2050,00","3050,00","142,93","14,40",FALSE
179,"МПК NUDEC прозорий 15,00 мм",МПК,Іспанія,NUDEC,прозорий,"15,00","2050,00","3050,00","178,66","18,00",FALSE
180,"МПК NUDEC кольоровий 2,00 мм",МПК,Іспанія,NUDEC,кольоровий,"2,00","2050,00","3050,00","25,01","2,40",FALSE
181,"МПК NUDEC кольоровий 3,00 мм",МПК,Іспанія,NUDEC,кольоровий,"3,00","2050,00","3050,00","37,52","3,60",FALSE
182,"МПК NUDEC кольоровий 4,00 мм",МПК,Іспанія,NUDEC,кольоровий,"4,00","2050,00","3050,00","50,02","4,80",FALSE
183,"МПК NUDEC кольоровий 5,00 мм",МПК,Іспанія,NUDEC,кольоровий,"5,00","2050,00","3050,00","62,53","6,00",FALSE
184,"МПК NUDEC кольоровий 6,00 мм",МПК,Іспанія,NUDEC,кольоровий,"6,00","2050,00","3050,00","75,04","7,20",FALSE
185,"МПК NUDEC кольоровий 8,00 мм",МПК,Іспанія,NUDEC,кольоровий,"8,00","2050,00","3050,00","100,05","9,60",FALSE
186,"МПК NUDEC кольоровий 10,00 мм",МПК,Іспанія,NUDEC,кольоровий,"10,00","2050,00","3050,00","125,06","12,00",FALSE
187,"МПК NUDEC кольоровий 12,00 мм",МПК,Іспанія,NUDEC,кольоровий,"12,00","2050,00","3050,00","150,07","14,40",FALSE
188,"МПК NUDEC кольоровий 15,00 мм",МПК,Іспанія,NUDEC,кольоровий,"15,00","2050,00","3050,00","187,59","18,00",FALSE
189,"СПК ARLA PLAST ""PREMIUM"" - 10 років 1-о ст. покр. прозорий 4,00 мм",СПК,Чехія,"ARLA PLAST ""PREMIUM"" - 10 років 1-о ст. покр.",прозорий,"4,00","2100,00","6000,00","7,85","0,70",FALSE
190,"СПК ARLA PLAST ""PREMIUM"" - 10 років 1-о ст. покр. прозорий 6,00 мм",СПК,Чехія,"ARLA PLAST ""PREMIUM"" - 10 років 1-о ст. покр.",прозорий,"6,00","2100,00","6000,00","12,33","1,10",FALSE
191,"СПК ARLA PLAST ""PREMIUM"" - 10 років 1-о ст. покр. прозорий 8,00 мм",СПК,Чехія,"ARLA PLAST ""PREMIUM"" - 10 років 1-о ст. покр.",прозорий,"8,00","2100,00","6000,00","14,57","1,30",FALSE
192,"СПК ARLA PLAST ""PREMIUM"" - 10 років 1-о ст. покр. прозорий 10,00 мм",СПК,Чехія,"ARLA PLAST ""PREMIUM"" - 10 років 1-о ст. покр.",прозорий,"10,00","2100,00","6000,00","16,82","1,50",FALSE
193,"СПК ARLA PLAST ""PREMIUM"" - 10 років 1-о ст. покр. прозорий 16,00 мм",СПК,Чехія,"ARLA PLAST ""PREMIUM"" - 10 років 1-о ст. покр.",прозорий,"16,00","2100,00","6000,00","25,78","2,30",FALSE
194,"СПК ARLA PLAST ""PREMIUM"" - 10 років 1-о ст. покр. прозорий 20,00 мм",СПК,Чехія,"ARLA PLAST ""PREMIUM"" - 10 років 1-о ст. покр.",прозорий,"20,00","2100,00","6000,00","31,39","2,80",FALSE
195,"СПК ARLA PLAST ""PREMIUM"" - 10 років 1-о ст. покр. прозорий 25,00 мм",СПК,Чехія,"ARLA PLAST ""PREMIUM"" - 10 років 1-о ст. покр.",прозорий,"25,00","2100,00","6000,00","33,63","3,00",FALSE
196,"СПК ARLA PLAST ""PREMIUM"" - 10 років 1-о ст. покр. прозорий 32,00 мм",СПК,Чехія,"ARLA PLAST ""PREMIUM"" - 10 років 1-о ст. покр.",прозорий,"32,00","2100,00","6000,00","35,87","3,20",FALSE
197,"СПК ARLA PLAST ""PREMIUM"" - 10 років 1-о ст. покр. кольоровий 4,00 мм",СПК,Чехія,"ARLA PLAST ""PREMIUM"" - 10 років 1-о ст. покр.",кольоровий,"4,00","2100,00","6000,00","8,24","0,70",FALSE
198,"СПК ARLA PLAST ""PREMIUM"" - 10 років 1-о ст. покр. кольоровий 6,00 мм",СПК,Чехія,"ARLA PLAST ""PREMIUM"" - 10 років 1-о ст. покр.",кольоровий,"6,00","2100,00","6000,00","12,95","1,10",FALSE
199,"СПК ARLA PLAST ""PREMIUM"" - 10 років 1-о ст. покр. кольоровий 8,00 мм",СПК,Чехія,"ARLA PLAST ""PREMIUM"" - 10 років 1-о ст. покр.",кольоровий,"8,00","2100,00","6000,00","15,30","1,30",FALSE
200,"СПК ARLA PLAST ""PREMIUM"" - 10 років 1-о ст. покр. кольоровий 10,00 мм",СПК,Чехія,"ARLA PLAST ""PREMIUM"" - 10 років 1-о ст. покр.",кольоровий,"10,00","2100,00","6000,00","17,66","1,50",FALSE
201,"СПК ARLA PLAST ""PREMIUM"" - 10 років 1-о ст. покр. кольоровий 16,00 мм",СПК,Чехія,"ARLA PLAST ""PREMIUM"" - 10 років 1-о ст. покр.",кольоровий,"16,00","2100,00","6000,00","27,07","2,30",FALSE
202,"СПК ARLA PLAST ""PREMIUM"" - 10 років 1-о ст. покр. кольоровий 20,00 мм",СПК,Чехія,"ARLA PLAST ""PREMIUM"" - 10 років 1-о ст. покр.",кольоровий,"20,00","2100,00","6000,00","32,96","2,80",FALSE
203,"СПК ARLA PLAST ""PREMIUM"" - 10 років 1-о ст. покр. кольоровий 25,00 мм",СПК,Чехія,"ARLA PLAST ""PREMIUM"" - 10 років 1-о ст. покр.",кольоровий,"25,00","2100,00","6000,00","35,31","3,00",FALSE
204,"СПК ARLA PLAST ""PREMIUM"" - 10 років 1-о ст. покр. кольоровий 32,00 мм",СПК,Чехія,"ARLA PLAST ""PREMIUM"" - 10 років 1-о ст. покр.",кольоровий,"32,00","2100,00","6000,00","37,67","3,20",FALSE
205,"СПК ARLA PLAST ""PREMIUM"" - 10 років 2-о ст. покр. прозорий 4,00 мм",СПК,Чехія,"ARLA PLAST ""PREMIUM"" - 10 років 2-о ст. покр.",прозорий,"4,00","2100,00","6000,00","8,08","0,70",FALSE
206,"СПК ARLA PLAST ""PREMIUM"" - 10 років 2-о ст. покр. прозорий 6,00 мм",СПК,Чехія,"ARLA PLAST ""PREMIUM"" - 10 років 2-о ст. покр.",прозорий,"6,00","2100,00","6000,00","12,70","1,10",FALSE
207,"СПК ARLA PLAST ""PREMIUM"" - 10 років 2-о ст. покр. прозорий 8,00 мм",СПК,Чехія,"ARLA PLAST ""PREMIUM"" - 10 років 2-о ст. покр.",прозорий,"8,00","2100,00","6000,00","15,01","1,30",FALSE
208,"СПК ARLA PLAST ""PREMIUM"" - 10 років 2-о ст. покр. прозорий 10,00 мм",СПК,Чехія,"ARLA PLAST ""PREMIUM"" - 10 років 2-о ст. покр.",прозорий,"10,00","2100,00","6000,00","17,32","1,50",FALSE
209,"СПК ARLA PLAST ""PREMIUM"" - 10 років 2-о ст. покр. прозорий 16,00 мм",СПК,Чехія,"ARLA PLAST ""PREMIUM"" - 10 років 2-о ст. покр.",прозорий,"16,00","2100,00","6000,00","26,56","2,30",FALSE
210,"СПК ARLA PLAST ""PREMIUM"" - 10 років 2-о ст. покр. прозорий 20,00 мм",СПК,Чехія,"ARLA PLAST ""PREMIUM"" - 10 років 2-о ст. покр.",прозорий,"20,00","2100,00","6000,00","32,33","2,80",FALSE
211,"СПК ARLA PLAST ""PREMIUM"" - 10 років 2-о ст. покр. прозорий 25,00 мм",СПК,Чехія,"ARLA PLAST ""PREMIUM"" - 10 років 2-о ст. покр.",прозорий,"25,00","2100,00","6000,00","36,95","3,20",FALSE
212,"СПК ARLA PLAST ""PREMIUM"" - 10 років 2-о ст. покр. прозорий 32,00 мм",СПК,Чехія,"ARLA PLAST ""PREMIUM"" - 10 років 2-о ст. покр.",прозорий,"32,00","2100,00","6000,00","40,41","3,50",FALSE
213,"СПК ARLA PLAST ""PREMIUM"" - 10 років 2-о ст. покр. кольоровий 4,00 мм",СПК,Чехія,"ARLA PLAST ""PREMIUM"" - 10 років 2-о ст. покр.",кольоровий,"4,00","2100,00","6000,00","8,49","0,70",FALSE
214,"СПК ARLA PLAST ""PREMIUM"" - 10 років 2-о ст. покр. кольоровий 6,00 мм",СПК,Чехія,"ARLA PLAST ""PREMIUM"" - 10 років 2-о ст. покр.",кольоровий,"6,00","2100,00","6000,00","13,34","1,10",FALSE
215,"СПК ARLA PLAST ""PREMIUM"" - 10 років 2-о ст. покр. кольоровий 8,00 мм",СПК,Чехія,"ARLA PLAST ""PREMIUM"" - 10 років 2-о ст. покр.",кольоровий,"8,00","2100,00","6000,00","15,76","1,30",FALSE
216,"СПК ARLA PLAST ""PREMIUM"" - 10 років 2-о ст. покр. кольоровий 10,00 мм",СПК,Чехія,"ARLA PLAST ""PREMIUM"" - 10 років 2-о ст. покр.",кольоровий,"10,00","2100,00","6000,00","18,19","1,50",FALSE
217,"СПК ARLA PLAST ""PREMIUM"" - 10 років 2-о ст. покр. кольоровий 16,00 мм",СПК,Чехія,"ARLA PLAST ""PREMIUM"" - 10 років 2-о ст. покр.",кольоровий,"16,00","2100,00","6000,00","27,89","2,30",FALSE
218,"СПК ARLA PLAST ""PREMIUM"" - 10 років 2-о ст. покр. кольоровий 20,00 мм",СПК,Чехія,"ARLA PLAST ""PREMIUM"" - 10 років 2-о ст. покр.",кольоровий,"20,00","2100,00","6000,00","33,95","2,80",FALSE
219,"СПК ARLA PLAST ""PREMIUM"" - 10 років 2-о ст. покр. кольоровий 25,00 мм",СПК,Чехія,"ARLA PLAST ""PREMIUM"" - 10 років 2-о ст. покр.",кольоровий,"25,00","2100,00","6000,00","38,80","3,20",FALSE
220,"СПК ARLA PLAST ""PREMIUM"" - 10 років 2-о ст. покр. кольоровий 32,00 мм",СПК,Чехія,"ARLA PLAST ""PREMIUM"" - 10 років 2-о ст. покр.",кольоровий,"32,00","2100,00","6000,00","42,43","3,50",FALSE
221,"СПК ARLA PLAST ""ELIT"" - 15 років 1-о ст. покр. прозорий 4,00 мм",СПК,Чехія,"ARLA PLAST ""ELIT"" - 15 років 1-о ст. покр.",прозорий,"4,00","2100,00","6000,00","8,97","0,80",FALSE
222,"СПК ARLA PLAST ""ELIT"" - 15 років 1-о ст. покр. прозорий 6,00 мм",СПК,Чехія,"ARLA PLAST ""ELIT"" - 15 років 1-о ст. покр.",прозорий,"6,00","2100,00","6000,00","14,57","1,30",FALSE
223,"СПК ARLA PLAST ""ELIT"" - 15 років 1-о ст. покр. прозорий 8,00 мм",СПК,Чехія,"ARLA PLAST ""ELIT"" - 15 років 1-о ст. покр.",прозорий,"8,00","2100,00","6000,00","16,82","1,50",FALSE
224,"СПК ARLA PLAST ""ELIT"" - 15 років 1-о ст. покр. прозорий 10,00 мм",СПК,Чехія,"ARLA PLAST ""ELIT"" - 15 років 1-о ст. покр.",прозорий,"10,00","2100,00","6000,00","19,06","1,70",FALSE
225,"СПК ARLA PLAST ""ELIT"" - 15 років 1-о ст. покр. прозорий 16,00 мм",СПК,Чехія,"ARLA PLAST ""ELIT"" - 15 років 1-о ст. покр.",прозорий,"16,00","2100,00","6000,00","28,03","2,50",FALSE
226,"СПК ARLA PLAST ""ELIT"" - 15 років 1-о ст. покр. прозорий 20,00 мм",СПК,Чехія,"ARLA PLAST ""ELIT"" - 15 років 1-о ст. покр.",прозорий,"20,00","2100,00","6000,00","33,63","3,00",FALSE
227,"СПК ARLA PLAST ""ELIT"" - 15 років 1-о ст. покр. прозорий 25,00 мм",СПК,Чехія,"ARLA PLAST ""ELIT"" - 15 років 1-о ст. покр.",прозорий,"25,00","2100,00","6000,00","39,24","3,50",FALSE
228,"СПК ARLA PLAST ""ELIT"" - 15 років 1-о ст. покр. прозорий 32,00 мм",СПК,Чехія,"ARLA PLAST ""ELIT"" - 15 років 1-о ст. покр.",прозорий,"32,00","2100,00","6000,00","42,60","3,80",FALSE
229,"СПК ARLA PLAST ""ELIT"" - 15 років 1-о ст. покр. кольоровий 4,00 мм",СПК,Чехія,"ARLA PLAST ""ELIT"" - 15 років 1-о ст. покр.",кольоровий,"4,00","2100,00","6000,00","9,42","0,80",FALSE
230,"СПК ARLA PLAST ""ELIT"" - 15 років 1-о ст. покр. кольоровий 6,00 мм",СПК,Чехія,"ARLA PLAST ""ELIT"" - 15 років 1-о ст. покр.",кольоровий,"6,00","2100,00","6000,00","15,30","1,30",FALSE
231,"СПК ARLA PLAST ""ELIT"" - 15 років 1-о ст. покр. кольоровий 8,00 мм",СПК,Чехія,"ARLA PLAST ""ELIT"" - 15 років 1-о ст. покр.",кольоровий,"8,00","2100,00","6000,00","17,66","1,50",FALSE
232,"СПК ARLA PLAST ""ELIT"" - 15 років 1-о ст. покр. кольоровий 10,00 мм",СПК,Чехія,"ARLA PLAST ""ELIT"" - 15 років 1-о ст. покр.",кольоровий,"10,00","2100,00","6000,00","20,01","1,70",FALSE
233,"СПК ARLA PLAST ""ELIT"" - 15 років 1-о ст. покр. кольоровий 16,00 мм",СПК,Чехія,"ARLA PLAST ""ELIT"" - 15 років 1-о ст. покр.",кольоровий,"16,00","2100,00","6000,00","29,43","2,50",FALSE
234,"СПК ARLA PLAST ""ELIT"" - 15 років 1-о ст. покр. кольоровий 20,00 мм",СПК,Чехія,"ARLA PLAST ""ELIT"" - 15 років 1-о ст. покр.",кольоровий,"20,00","2100,00","6000,00","35,31","3,00",FALSE
235,"СПК ARLA PLAST ""ELIT"" - 15 років 1-о ст. покр. кольоровий 25,00 мм",СПК,Чехія,"ARLA PLAST ""ELIT"" - 15 років 1-о ст. покр.",кольоровий,"25,00","2100,00","6000,00","41,20","3,50",FALSE
236,"СПК ARLA PLAST ""ELIT"" - 15 років 1-о ст. покр. кольоровий 32,00 мм",СПК,Чехія,"ARLA PLAST ""ELIT"" - 15 років 1-о ст. покр.",кольоровий,"32,00","2100,00","6000,00","44,73","3,80",FALSE
237,"СПК ARLA PLAST ""ELIT"" - 15 років 2-ох ст. покр. прозорий 4,00 мм",СПК,Чехія,"ARLA PLAST ""ELIT"" - 15 років 2-ох ст. покр.",прозорий,"4,00","2100,00","6000,00","9,24","0,80",FALSE
238,"СПК ARLA PLAST ""ELIT"" - 15 років 2-ох ст. покр. прозорий 6,00 мм",СПК,Чехія,"ARLA PLAST ""ELIT"" - 15 років 2-ох ст. покр.",прозорий,"6,00","2100,00","6000,00","15,01","1,30",FALSE
239,"СПК ARLA PLAST ""ELIT"" - 15 років 2-ох ст. покр. прозорий 8,00 мм",СПК,Чехія,"ARLA PLAST ""ELIT"" - 15 років 2-ох ст. покр.",прозорий,"8,00","2100,00","6000,00","17,32","1,50",FALSE
240,"СПК ARLA PLAST ""ELIT"" - 15 років 2-ох ст. покр. прозорий 10,00 мм",СПК,Чехія,"ARLA PLAST ""ELIT"" - 15 років 2-ох ст. покр.",прозорий,"10,00","2100,00","6000,00","19,63","1,70",FALSE
241,"СПК ARLA PLAST ""ELIT"" - 15 років 2-ох ст. покр. прозорий 16,00 мм",СПК,Чехія,"ARLA PLAST ""ELIT"" - 15 років 2-ох ст. покр.",прозорий,"16,00","2100,00","6000,00","28,87","2,50",FALSE
242,"СПК ARLA PLAST ""ELIT"" - 15 років 2-ох ст. покр. прозорий 20,00 мм",СПК,Чехія,"ARLA PLAST ""ELIT"" - 15 років 2-ох ст. покр.",прозорий,"20,00","2100,00","6000,00","34,64","3,00",FALSE
243,"СПК ARLA PLAST ""ELIT"" - 15 років 2-ох ст. покр. прозорий 25,00 мм",СПК,Чехія,"ARLA PLAST ""ELIT"" - 15 років 2-ох ст. покр.",прозорий,"25,00","2100,00","6000,00","40,41","3,50",FALSE
244,"СПК ARLA PLAST ""ELIT"" - 15 років 2-ох ст. покр. прозорий 32,00 мм",СПК,Чехія,"ARLA PLAST ""ELIT"" - 15 років 2-ох ст. покр.",прозорий,"32,00","2100,00","6000,00","43,88","3,80",FALSE
245,"СПК ARLA PLAST ""ELIT"" - 15 років 2-ох ст. покр. кольоровий 4,00 мм",СПК,Чехія,"ARLA PLAST ""ELIT"" - 15 років 2-ох ст. покр.",кольоровий,"4,00","2100,00","6000,00","9,50","0,80",FALSE
246,"СПК ARLA PLAST ""ELIT"" - 15 років 2-ох ст. покр. кольоровий 6,00 мм",СПК,Чехія,"ARLA PLAST ""ELIT"" - 15 років 2-ох ст. покр.",кольоровий,"6,00","2100,00","6000,00","15,43","1,30",FALSE
247,"СПК ARLA PLAST ""ELIT"" - 15 років 2-ох ст. покр. кольоровий 8,00 мм",СПК,Чехія,"ARLA PLAST ""ELIT"" - 15 років 2-ох ст. покр.",кольоровий,"8,00","2100,00","6000,00","17,81","1,50",FALSE
248,"СПК ARLA PLAST ""ELIT"" - 15 років 2-ох ст. покр. кольоровий 10,00 мм",СПК,Чехія,"ARLA PLAST ""ELIT"" - 15 років 2-ох ст. покр.",кольоровий,"10,00","2100,00","6000,00","20,18","1,70",FALSE
249,"СПК ARLA PLAST ""ELIT"" - 15 років 2-ох ст. покр. кольоровий 16,00 мм",СПК,Чехія,"ARLA PLAST ""ELIT"" - 15 років 2-ох ст. покр.",кольоровий,"16,00","2100,00","6000,00","29,68","2,50",FALSE
250,"СПК ARLA PLAST ""ELIT"" - 15 років 2-ох ст. покр. кольоровий 20,00 мм",СПК,Чехія,"ARLA PLAST ""ELIT"" - 15 років 2-ох ст. покр.",кольоровий,"20,00","2100,00","6000,00","35,61","3,00",FALSE
251,"СПК ARLA PLAST ""ELIT"" - 15 років 2-ох ст. покр. кольоровий 25,00 мм",СПК,Чехія,"ARLA PLAST ""ELIT"" - 15 років 2-ох ст. покр.",кольоровий,"25,00","2100,00","6000,00","41,55","3,50",FALSE
252,"СПК ARLA PLAST ""ELIT"" - 15 років 2-ох ст. покр. кольоровий 32,00 мм",СПК,Чехія,"ARLA PLAST ""ELIT"" - 15 років 2-ох ст. покр.",кольоровий,"32,00","2100,00","6000,00","45,11","3,80",FALSE
253,"МПК ARLA PLAST ""ELITE"" - 15 років прозорий 2,00 мм",МПК,Швеція,"ARLA PLAST ""ELITE"" - 15 років",прозорий,"2,00","2050,00","3050,00","24,38","2,40",FALSE
254,"МПК ARLA PLAST ""ELITE"" - 15 років прозорий 3,00 мм",МПК,Швеція,"ARLA PLAST ""ELITE"" - 15 років",прозорий,"3,00","2050,00","3050,00","36,58","3,60",FALSE
255,"МПК ARLA PLAST ""ELITE"" - 15 років прозорий 4,00 мм",МПК,Швеція,"ARLA PLAST ""ELITE"" - 15 років",прозорий,"4,00","2050,00","3050,00","48,77","4,80",FALSE
256,"МПК ARLA PLAST ""ELITE"" - 15 років прозорий 5,00 мм",МПК,Швеція,"ARLA PLAST ""ELITE"" - 15 років",прозорий,"5,00","2050,00","3050,00","60,96","6,00",FALSE
257,"МПК ARLA PLAST ""ELITE"" - 15 років прозорий 6,00 мм",МПК,Швеція,"ARLA PLAST ""ELITE"" - 15 років",прозорий,"6,00","2050,00","3050,00","73,15","7,20",FALSE
258,"МПК ARLA PLAST ""ELITE"" - 15 років прозорий 8,00 мм",МПК,Швеція,"ARLA PLAST ""ELITE"" - 15 років",прозорий,"8,00","2050,00","3050,00","97,54","9,60",FALSE
259,"МПК ARLA PLAST ""ELITE"" - 15 років прозорий 10,00 мм",МПК,Швеція,"ARLA PLAST ""ELITE"" - 15 років",прозорий,"10,00","2050,00","3050,00","121,92","12,00",FALSE
260,"МПК ARLA PLAST ""ELITE"" - 15 років прозорий 12,00 мм",МПК,Швеція,"ARLA PLAST ""ELITE"" - 15 років",прозорий,"12,00","2050,00","3050,00","146,31","14,40",FALSE
261,"МПК ARLA PLAST ""ELITE"" - 15 років кольоровий 2,00 мм",МПК,Швеція,"ARLA PLAST ""ELITE"" - 15 років",кольоровий,"2,00","2050,00","3050,00","25,60","2,40",FALSE
262,"МПК ARLA PLAST ""ELITE"" - 15 років кольоровий 3,00 мм",МПК,Швеція,"ARLA PLAST ""ELITE"" - 15 років",кольоровий,"3,00","2050,00","3050,00","38,41","3,60",FALSE
263,"МПК ARLA PLAST ""ELITE"" - 15 років кольоровий 4,00 мм",МПК,Швеція,"ARLA PLAST ""ELITE"" - 15 років",кольоровий,"4,00","2050,00","3050,00","51,21","4,80",FALSE
264,"МПК ARLA PLAST ""ELITE"" - 15 років кольоровий 5,00 мм",МПК,Швеція,"ARLA PLAST ""ELITE"" - 15 років",кольоровий,"5,00","2050,00","3050,00","64,01","6,00",FALSE
265,"МПК ARLA PLAST ""ELITE"" - 15 років кольоровий 6,00 мм",МПК,Швеція,"ARLA PLAST ""ELITE"" - 15 років",кольоровий,"6,00","2050,00","3050,00","76,81","7,20",FALSE
266,"МПК ARLA PLAST ""ELITE"" - 15 років кольоровий 8,00 мм",МПК,Швеція,"ARLA PLAST ""ELITE"" - 15 років",кольоровий,"8,00","2050,00","3050,00","102,42","9,60",FALSE
267,"МПК ARLA PLAST ""ELITE"" - 15 років кольоровий 10,00 мм",МПК,Швеція,"ARLA PLAST ""ELITE"" - 15 років",кольоровий,"10,00","2050,00","3050,00","128,02","12,00",FALSE
268,"МПК ARLA PLAST ""ELITE"" - 15 років кольоровий 12,00 мм",МПК,Швеція,"ARLA PLAST ""ELITE"" - 15 років",кольоровий,"12,00","2050,00","3050,00","153,63","14,40",FALSE